Year,Student_ID,Course_Name,Base_Fee,Discount(%),Final_Fee,Enrollments,Completion_Rate,Revenue,Trainer_Rating,Placement_Rate,Avg_Placement_Salary,Mode,Location,EMI_Available
2020,STU2020000,Product Management,125260,15,106471.0,106,0.72,11285926.0,3.91,0.85,1373860,Offline,Delhi,Yes
2020,STU2020001,Product Management,203317,10,182985.3,83,0.94,15187779.899999999,4.36,0.94,803376,Online,Bangalore,No
2020,STU2020002,Investment Banking,173802,15,147731.7,45,0.66,6647926.500000001,4.38,0.69,1099694,Hybrid,Mumbai,Yes
2020,STU2020003,Digital Marketing,297528,5,282651.6,152,0.78,42963043.199999996,4.95,0.7,1300686,Hybrid,Pune,No
2020,STU2020004,AI & Machine Learning,387656,10,348890.4,123,0.85,42913519.2,4.85,0.76,1133426,Offline,Bangalore,Yes
2020,STU2020005,Product Management,395978,10,356380.2,185,0.77,65930337.0,3.58,0.89,1017841,Hybrid,Bangalore,Yes
2020,STU2020006,Full Stack Developer,118972,15,101126.2,113,0.73,11427260.6,4.27,0.77,691651,Hybrid,Bangalore,Yes
2020,STU2020007,AI & Machine Learning,145516,10,130964.4,115,0.72,15060906.0,4.27,0.83,1269219,Online,Hyderabad,No
2020,STU2020008,Full Stack Developer,198117,15,168399.45,146,0.78,24586319.700000003,3.72,0.9,531810,Hybrid,Hyderabad,No
2020,STU2020009,Investment Banking,341486,15,290263.1,176,0.69,51086305.599999994,4.31,0.74,1397729,Hybrid,Delhi,Yes
2020,STU2020010,Investment Banking,384703,5,365467.85,155,0.65,56647516.75,4.1,0.94,1270603,Offline,Pune,No
2020,STU2020011,Business Analytics,308715,10,277843.5,154,0.79,42787899.0,4.2,0.78,912040,Offline,Hyderabad,No
2020,STU2020012,Cyber Security,298907,10,269016.3,124,0.68,33358021.2,4.45,0.61,446356,Online,Bangalore,No
2020,STU2020013,Cyber Security,205038,5,194786.1,36,0.72,7012299.600000001,3.95,0.76,904499,Online,Pune,Yes
2020,STU2020014,Digital Marketing,327309,10,294578.1,135,0.86,39768043.5,4.25,0.57,816496,Offline,Hyderabad,Yes
2020,STU2020015,Data Science Pro,170177,10,153159.3,145,0.74,22208098.5,4.77,0.51,799999,Offline,Delhi,No
2020,STU2020016,UI/UX Design,166255,0,166255.0,43,0.6,7148965.0,4.39,0.61,871615,Hybrid,Bangalore,No
2020,STU2020017,AI & Machine Learning,133389,20,106711.2,181,0.9,19314727.2,4.18,0.71,1420380,Offline,Delhi,Yes
2020,STU2020018,Full Stack Developer,269657,10,242691.3,90,0.78,21842217.0,4.68,0.82,1016407,Offline,Delhi,Yes
2020,STU2020019,UI/UX Design,289452,5,274979.4,134,0.8,36847239.6,4.99,0.71,999670,Offline,Mumbai,No
2020,STU2020020,Cyber Security,236703,0,236703.0,134,0.73,31718202.0,4.38,0.9,1107681,Hybrid,Bangalore,Yes
2020,STU2020021,Data Science Pro,332502,5,315876.9,86,0.94,27165413.400000002,4.23,0.67,860028,Hybrid,Pune,No
2020,STU2020022,Cyber Security,124871,15,106140.35,102,0.84,10826315.700000001,4.39,0.73,1071248,Online,Bangalore,No
2020,STU2020023,Investment Banking,109874,5,104380.3,119,0.89,12421255.700000001,3.53,0.67,934929,Hybrid,Hyderabad,No
2020,STU2020024,Digital Marketing,130569,20,104455.2,30,0.77,3133656.0,3.92,0.66,523119,Online,Mumbai,Yes
2020,STU2020025,FinTech Professional,278148,10,250333.2,95,0.81,23781654.0,3.55,0.72,1336936,Offline,Bangalore,Yes
2020,STU2020026,FinTech Professional,392640,15,333744.0,194,0.78,64746336.0,4.75,0.55,480714,Hybrid,Mumbai,Yes
2020,STU2020027,Full Stack Developer,156526,5,148699.7,154,0.66,22899753.8,4.31,0.78,913850,Hybrid,Mumbai,Yes
2020,STU2020028,UI/UX Design,173957,20,139165.6,39,0.89,5427458.4,3.64,0.69,1474840,Offline,Mumbai,Yes
2020,STU2020029,Business Analytics,191560,0,191560.0,195,0.77,37354200.0,4.1,0.66,682460,Online,Delhi,No
2020,STU2020030,UI/UX Design,103093,0,103093.0,107,0.7,11030951.0,4.67,0.8,1492422,Offline,Delhi,Yes
2020,STU2020031,Business Analytics,309620,5,294139.0,143,0.87,42061877.0,3.9,0.83,844995,Offline,Bangalore,No
2020,STU2020032,Investment Banking,158096,20,126476.8,162,0.7,20489241.6,3.79,0.88,1416831,Online,Bangalore,No
2020,STU2020033,Business Analytics,192419,15,163556.15,181,0.94,29603663.15,4.35,0.86,1112745,Hybrid,Mumbai,No
2020,STU2020034,Digital Marketing,174447,0,174447.0,97,0.66,16921359.0,4.87,0.89,672590,Hybrid,Delhi,Yes
2020,STU2020035,AI & Machine Learning,274698,5,260963.1,72,0.68,18789343.2,4.36,0.75,689457,Hybrid,Bangalore,Yes
2020,STU2020036,Cyber Security,141373,20,113098.4,112,0.88,12667020.799999999,4.77,0.87,817613,Offline,Mumbai,Yes
2020,STU2020037,AI & Machine Learning,219674,0,219674.0,23,0.68,5052502.0,3.71,0.88,1202184,Offline,Pune,No
2020,STU2020038,FinTech Professional,192705,10,173434.5,95,0.8,16476277.5,4.47,0.88,1020982,Offline,Mumbai,No
2020,STU2020039,Full Stack Developer,362885,5,344740.75,155,0.79,53434816.25,4.78,0.77,909338,Hybrid,Hyderabad,No
2020,STU2020040,FinTech Professional,199152,0,199152.0,42,0.85,8364384.0,4.96,0.51,1275890,Online,Pune,Yes
2020,STU2020041,Full Stack Developer,113325,20,90660.0,126,0.88,11423160.0,4.36,0.64,411602,Hybrid,Pune,No
2020,STU2020042,Product Management,257717,10,231945.3,36,0.84,8350030.8,4.26,0.73,481223,Online,Hyderabad,Yes
2020,STU2020043,Product Management,218426,10,196583.4,20,0.77,3931668.0,4.57,0.78,1407058,Offline,Mumbai,Yes
2020,STU2020044,UI/UX Design,340719,5,323683.05,120,0.77,38841966.0,3.92,0.62,709998,Offline,Hyderabad,Yes
2020,STU2020045,Investment Banking,327153,20,261722.4,187,0.65,48942088.8,3.85,0.68,580333,Online,Delhi,Yes
2020,STU2020046,Cyber Security,237638,5,225756.1,82,0.77,18512000.2,3.98,0.92,994961,Hybrid,Delhi,No
2020,STU2020047,Data Science Pro,347723,5,330336.85,152,0.81,50211201.199999996,4.78,0.61,865032,Online,Bangalore,Yes
2020,STU2020048,Investment Banking,336890,15,286356.5,134,0.62,38371771.0,3.84,0.55,978268,Hybrid,Hyderabad,Yes
2020,STU2020049,Digital Marketing,166673,5,158339.35,83,0.67,13142166.05,3.72,0.92,637816,Hybrid,Delhi,No
2020,STU2020050,Digital Marketing,240761,15,204646.85,147,0.72,30083086.95,4.44,0.75,1256315,Hybrid,Hyderabad,No
2020,STU2020051,Product Management,118149,20,94519.2,132,0.67,12476534.4,3.83,0.84,1211600,Offline,Pune,No
2020,STU2020052,Data Science Pro,353517,15,300489.45,37,0.8,11118109.65,4.73,0.82,771549,Online,Bangalore,No
2020,STU2020053,Investment Banking,265354,0,265354.0,86,0.67,22820444.0,3.91,0.7,805985,Offline,Pune,Yes
2020,STU2020054,Cyber Security,310438,10,279394.2,128,0.63,35762457.6,4.64,0.7,1080228,Offline,Pune,Yes
2020,STU2020055,Digital Marketing,233875,20,187100.0,37,0.94,6922700.0,4.92,0.71,403173,Online,Delhi,Yes
2020,STU2020056,Product Management,348525,5,331098.75,114,0.89,37745257.5,3.87,0.65,1007061,Hybrid,Delhi,No
2020,STU2020057,Business Analytics,283464,10,255117.6,120,0.76,30614112.0,4.08,0.9,801848,Online,Bangalore,No
2020,STU2020058,AI & Machine Learning,250872,20,200697.6,132,0.87,26492083.2,3.52,0.87,1035978,Online,Mumbai,Yes
2020,STU2020059,Investment Banking,168806,0,168806.0,104,0.92,17555824.0,3.82,0.65,618068,Hybrid,Pune,Yes
2020,STU2020060,Data Science Pro,256005,15,217604.25,167,0.75,36339909.75,3.85,0.74,1427453,Offline,Delhi,Yes
2020,STU2020061,Data Science Pro,143707,5,136521.65,76,0.87,10375645.4,4.77,0.82,1490342,Offline,Hyderabad,Yes
2020,STU2020062,Full Stack Developer,317681,15,270028.85,87,0.88,23492509.95,3.75,0.52,963013,Hybrid,Delhi,No
2020,STU2020063,Digital Marketing,258858,15,220029.3,24,0.75,5280703.199999999,4.22,0.79,1182567,Hybrid,Pune,Yes
2020,STU2020064,Cyber Security,308230,20,246584.0,118,0.7,29096912.0,3.59,0.74,661052,Hybrid,Pune,No
2020,STU2020065,Business Analytics,148645,15,126348.25,168,0.95,21226506.0,4.49,0.94,1362600,Hybrid,Bangalore,Yes
2020,STU2020066,UI/UX Design,217177,0,217177.0,155,0.77,33662435.0,3.72,0.64,698087,Offline,Hyderabad,Yes
2020,STU2020067,Investment Banking,252505,20,202004.0,115,0.61,23230460.0,3.66,0.9,818256,Hybrid,Pune,No
2020,STU2020068,Data Science Pro,164289,10,147860.1,83,0.73,12272388.3,4.75,0.72,1299459,Offline,Hyderabad,Yes
2020,STU2020069,Business Analytics,356421,5,338599.95,143,0.73,48419792.85,4.9,0.68,961481,Online,Pune,Yes
2020,STU2020070,Data Science Pro,374678,0,374678.0,38,0.7,14237764.0,3.52,0.65,894216,Online,Mumbai,No
2020,STU2020071,Cyber Security,101384,5,96314.8,25,0.75,2407870.0,4.95,0.57,1101975,Hybrid,Pune,No
2020,STU2020072,Investment Banking,383223,5,364061.85,96,0.94,34949937.599999994,5.0,0.65,433729,Hybrid,Bangalore,Yes
2020,STU2020073,Full Stack Developer,189591,0,189591.0,192,0.65,36401472.0,3.69,0.85,1469593,Hybrid,Bangalore,No
2020,STU2020074,AI & Machine Learning,321854,10,289668.6,84,0.8,24332162.4,4.92,0.81,938861,Offline,Mumbai,Yes
2020,STU2020075,Investment Banking,334133,20,267306.4,61,0.68,16305690.400000002,4.45,0.94,453637,Hybrid,Bangalore,No
2020,STU2020076,Digital Marketing,148278,10,133450.2,118,0.64,15747123.600000001,4.6,0.82,1023324,Hybrid,Mumbai,No
2020,STU2020077,FinTech Professional,138916,15,118078.6,41,0.62,4841222.600000001,4.64,0.63,1383724,Hybrid,Delhi,Yes
2020,STU2020078,UI/UX Design,359904,10,323913.6,157,0.9,50854435.199999996,3.62,0.74,1414029,Hybrid,Delhi,No
2020,STU2020079,FinTech Professional,237817,5,225926.15,71,0.73,16040756.65,4.6,0.79,518706,Online,Delhi,Yes
2020,STU2020080,AI & Machine Learning,330357,15,280803.45,37,0.6,10389727.65,3.98,0.81,1462294,Offline,Hyderabad,No
2020,STU2020081,AI & Machine Learning,167822,0,167822.0,98,0.89,16446556.0,4.84,0.69,1334423,Online,Delhi,No
2020,STU2020082,FinTech Professional,207749,0,207749.0,94,0.95,19528406.0,4.74,0.57,1290369,Online,Pune,No
2020,STU2020083,AI & Machine Learning,159608,0,159608.0,183,0.69,29208264.0,3.93,0.8,515229,Hybrid,Pune,No
2020,STU2020084,Cyber Security,127086,10,114377.4,70,0.91,8006418.0,3.6,0.9,1042918,Offline,Pune,Yes
2020,STU2020085,Business Analytics,140776,20,112620.8,141,0.67,15879532.8,3.86,0.55,1203489,Offline,Delhi,No
2020,STU2020086,UI/UX Design,244324,20,195459.2,157,0.69,30687094.400000002,4.58,0.86,1245864,Offline,Hyderabad,Yes
2020,STU2020087,FinTech Professional,282158,10,253942.2,156,0.75,39614983.2,3.71,0.75,649074,Online,Delhi,Yes
2020,STU2020088,AI & Machine Learning,337841,15,287164.85,50,0.95,14358242.499999998,3.84,0.57,831847,Hybrid,Hyderabad,No
2020,STU2020089,FinTech Professional,286439,15,243473.15,119,0.68,28973304.849999998,4.37,0.51,888314,Offline,Delhi,Yes
2020,STU2020090,Digital Marketing,185263,0,185263.0,59,0.79,10930517.0,4.42,0.88,919415,Offline,Mumbai,Yes
2020,STU2020091,Investment Banking,145194,15,123414.9,25,0.92,3085372.5,3.85,0.68,495988,Offline,Pune,No
2020,STU2020092,Full Stack Developer,390839,20,312671.2,131,0.66,40959927.2,3.62,0.83,604383,Offline,Bangalore,Yes
2020,STU2020093,Investment Banking,257429,5,244557.55,94,0.7,22988409.7,3.74,0.66,981406,Offline,Bangalore,Yes
2020,STU2020094,Cyber Security,246505,5,234179.75,131,0.85,30677547.25,4.43,0.66,1413315,Offline,Mumbai,Yes
2020,STU2020095,Full Stack Developer,358473,0,358473.0,89,0.63,31904097.0,3.71,0.94,644800,Offline,Mumbai,Yes
2020,STU2020096,Cyber Security,297553,5,282675.35,27,0.66,7632234.449999999,3.61,0.93,1094377,Offline,Bangalore,No
2020,STU2020097,UI/UX Design,383403,20,306722.4,76,0.72,23310902.400000002,4.72,0.81,1368063,Online,Pune,No
2020,STU2020098,AI & Machine Learning,223297,15,189802.45,29,0.65,5504271.050000001,4.26,0.82,963609,Hybrid,Bangalore,Yes
2020,STU2020099,Digital Marketing,201022,10,180919.8,137,0.93,24786012.599999998,4.83,0.83,573123,Online,Delhi,No
2021,STU2021000,Digital Marketing,242394,20,193915.2,47,0.88,9114014.4,4.85,0.63,973925,Online,Hyderabad,Yes
2021,STU2021001,Business Analytics,144466,15,122796.1,38,0.92,4666251.8,4.02,0.76,465696,Online,Pune,Yes
2021,STU2021002,Product Management,300285,10,270256.5,186,0.61,50267709.0,4.37,0.94,560347,Online,Mumbai,Yes
2021,STU2021003,UI/UX Design,201982,15,171684.7,24,0.9,4120432.8000000003,4.27,0.57,596775,Offline,Hyderabad,Yes
2021,STU2021004,Cyber Security,392472,15,333601.2,143,0.66,47704971.6,4.35,0.95,1114581,Offline,Bangalore,Yes
2021,STU2021005,Business Analytics,266257,5,252944.15,50,0.73,12647207.5,3.51,0.92,707716,Hybrid,Mumbai,Yes
2021,STU2021006,Digital Marketing,240749,10,216674.1,154,0.62,33367811.400000002,4.51,0.8,847307,Offline,Hyderabad,Yes
2021,STU2021007,Data Science Pro,377544,0,377544.0,186,0.73,70223184.0,4.14,0.54,1389476,Offline,Hyderabad,No
2021,STU2021008,Cyber Security,235658,15,200309.3,87,0.74,17426909.099999998,3.86,0.81,1345532,Hybrid,Bangalore,Yes
2021,STU2021009,Investment Banking,356772,0,356772.0,73,0.7,26044356.0,4.94,0.76,698373,Hybrid,Bangalore,No
2021,STU2021010,Digital Marketing,252120,5,239514.0,123,0.82,29460222.0,4.02,0.53,648123,Offline,Hyderabad,Yes
2021,STU2021011,AI & Machine Learning,357921,5,340024.95,127,0.63,43183168.65,4.58,0.79,1310204,Offline,Hyderabad,No
2021,STU2021012,Product Management,168287,10,151458.3,166,0.95,25142077.799999997,3.7,0.58,1261781,Offline,Pune,No
2021,STU2021013,Data Science Pro,244468,20,195574.4,163,0.78,31878627.2,4.77,0.61,1137605,Offline,Mumbai,Yes
2021,STU2021014,FinTech Professional,333015,0,333015.0,131,0.85,43624965.0,4.54,0.92,948132,Offline,Delhi,Yes
2021,STU2021015,UI/UX Design,190342,5,180824.9,169,0.88,30559408.099999998,4.64,0.86,1104311,Offline,Delhi,Yes
2021,STU2021016,Business Analytics,263656,0,263656.0,26,0.62,6855056.0,4.33,0.58,913276,Offline,Hyderabad,No
2021,STU2021017,Data Science Pro,324294,0,324294.0,127,0.78,41185338.0,4.17,0.53,1142881,Online,Delhi,Yes
2021,STU2021018,Full Stack Developer,193818,5,184127.1,140,0.69,25777794.0,3.56,0.58,1310818,Online,Hyderabad,Yes
2021,STU2021019,Digital Marketing,165305,20,132244.0,166,0.88,21952504.0,4.78,0.86,1427190,Online,Mumbai,Yes
2021,STU2021020,Product Management,108869,15,92538.65,200,0.67,18507730.0,4.86,0.77,894316,Offline,Bangalore,Yes
2021,STU2021021,Product Management,189608,15,161166.8,48,0.92,7736006.399999999,4.08,0.94,1281793,Online,Mumbai,No
2021,STU2021022,Digital Marketing,372319,20,297855.2,48,0.83,14297049.600000001,4.85,0.54,1032391,Online,Pune,No
2021,STU2021023,Data Science Pro,393993,5,374293.35,91,0.95,34060694.85,3.79,0.53,552443,Online,Delhi,Yes
2021,STU2021024,Business Analytics,225582,5,214302.9,197,0.73,42217671.3,4.24,0.57,650628,Hybrid,Bangalore,Yes
2021,STU2021025,FinTech Professional,296108,5,281302.6,85,0.86,23910720.999999996,4.26,0.85,710676,Offline,Delhi,No
2021,STU2021026,Product Management,202392,15,172033.2,180,0.75,30965976.000000004,4.67,0.78,1076395,Hybrid,Pune,No
2021,STU2021027,Product Management,106626,20,85300.8,44,0.68,3753235.2,4.89,0.57,1045236,Offline,Delhi,No
2021,STU2021028,Digital Marketing,177104,15,150538.4,85,0.87,12795764.0,3.52,0.52,1081552,Online,Hyderabad,No
2021,STU2021029,Digital Marketing,217419,0,217419.0,33,0.6,7174827.0,3.75,0.67,1220840,Hybrid,Delhi,No
2021,STU2021030,Data Science Pro,276541,0,276541.0,128,0.82,35397248.0,3.94,0.76,788350,Offline,Pune,Yes
2021,STU2021031,FinTech Professional,115904,15,98518.4,195,0.63,19211088.0,4.26,0.63,1421449,Hybrid,Mumbai,Yes
2021,STU2021032,Investment Banking,341668,10,307501.2,187,0.91,57502724.4,3.83,0.57,838786,Online,Bangalore,Yes
2021,STU2021033,Business Analytics,379064,0,379064.0,31,0.86,11750984.0,3.55,0.6,1352634,Hybrid,Delhi,Yes
2021,STU2021034,Investment Banking,122440,15,104074.0,165,0.81,17172210.0,4.94,0.75,514742,Online,Hyderabad,Yes
2021,STU2021035,Data Science Pro,213599,5,202919.05,169,0.67,34293319.449999996,3.92,0.75,842142,Online,Mumbai,Yes
2021,STU2021036,UI/UX Design,179764,20,143811.2,185,0.75,26605072.000000004,4.97,0.71,1157931,Online,Delhi,Yes
2021,STU2021037,Investment Banking,147960,20,118368.0,83,0.93,9824544.0,4.54,0.81,1432163,Offline,Bangalore,No
2021,STU2021038,AI & Machine Learning,166570,15,141584.5,172,0.66,24352534.0,4.63,0.64,1426892,Hybrid,Hyderabad,No
2021,STU2021039,Cyber Security,299356,20,239484.8,109,0.84,26103843.2,4.17,0.65,722858,Online,Bangalore,Yes
2021,STU2021040,Investment Banking,120861,20,96688.8,131,0.62,12666232.8,4.59,0.92,751905,Online,Pune,Yes
2021,STU2021041,Cyber Security,218142,10,196327.8,139,0.69,27289564.2,4.54,0.74,1113169,Online,Bangalore,Yes
2021,STU2021042,Product Management,252898,20,202318.4,158,0.88,31966307.2,4.09,0.73,1226913,Hybrid,Delhi,Yes
2021,STU2021043,FinTech Professional,290999,15,247349.15,143,0.77,35370928.449999996,3.79,0.51,1366220,Offline,Delhi,No
2021,STU2021044,Product Management,147726,5,140339.7,169,0.63,23717409.3,4.54,0.56,1162703,Offline,Pune,No
2021,STU2021045,Business Analytics,238891,20,191112.8,120,0.93,22933536.0,4.96,0.56,1028554,Online,Delhi,No
2021,STU2021046,Cyber Security,260361,10,234324.9,80,0.66,18745992.0,3.66,0.93,1415225,Online,Bangalore,Yes
2021,STU2021047,Business Analytics,175332,20,140265.6,185,0.91,25949136.0,4.88,0.76,1036139,Online,Delhi,No
2021,STU2021048,Digital Marketing,308375,20,246700.0,60,0.69,14802000.0,4.58,0.87,853154,Offline,Mumbai,Yes
2021,STU2021049,Digital Marketing,272820,15,231897.0,92,0.65,21334524.0,4.89,0.7,1456742,Online,Mumbai,Yes
2021,STU2021050,Full Stack Developer,105396,20,84316.8,41,0.64,3456988.8000000003,3.64,0.59,1039367,Offline,Delhi,No
2021,STU2021051,Data Science Pro,296786,0,296786.0,195,0.87,57873270.0,4.19,0.92,955465,Hybrid,Pune,No
2021,STU2021052,Cyber Security,334960,0,334960.0,35,0.9,11723600.0,4.72,0.79,878524,Offline,Hyderabad,No
2021,STU2021053,UI/UX Design,322443,0,322443.0,174,0.84,56105082.0,3.99,0.74,1360642,Hybrid,Bangalore,Yes
2021,STU2021054,Full Stack Developer,307300,15,261205.0,42,0.65,10970610.0,4.77,0.7,586664,Offline,Hyderabad,Yes
2021,STU2021055,Digital Marketing,205641,15,174794.85,163,0.89,28491560.55,4.2,0.93,1450212,Online,Mumbai,Yes
2021,STU2021056,Data Science Pro,136332,10,122698.8,117,0.71,14355759.6,4.22,0.85,1376213,Hybrid,Hyderabad,Yes
2021,STU2021057,Data Science Pro,398625,15,338831.25,184,0.94,62344950.0,3.62,0.63,926833,Offline,Pune,Yes
2021,STU2021058,UI/UX Design,220243,0,220243.0,62,0.77,13655066.0,4.2,0.69,534950,Online,Bangalore,No
2021,STU2021059,Data Science Pro,209667,15,178216.95,146,0.81,26019674.700000003,4.2,0.62,1489508,Offline,Mumbai,Yes
2021,STU2021060,Business Analytics,154253,20,123402.4,24,0.77,2961657.5999999996,3.78,0.66,973709,Online,Pune,Yes
2021,STU2021061,UI/UX Design,388192,0,388192.0,82,0.77,31831744.0,4.93,0.51,763743,Hybrid,Delhi,Yes
2021,STU2021062,Full Stack Developer,328445,10,295600.5,143,0.8,42270871.5,3.67,0.68,979706,Offline,Pune,Yes
2021,STU2021063,Product Management,329495,20,263596.0,136,0.83,35849056.0,3.71,0.55,807565,Hybrid,Bangalore,No
2021,STU2021064,FinTech Professional,238167,10,214350.3,100,0.69,21435030.0,4.37,0.83,1392789,Offline,Mumbai,Yes
2021,STU2021065,UI/UX Design,368291,5,349876.45,188,0.7,65776772.6,4.17,0.91,760198,Offline,Pune,Yes
2021,STU2021066,Digital Marketing,342042,10,307837.8,58,0.94,17854592.4,3.98,0.58,1177244,Online,Bangalore,No
2021,STU2021067,Digital Marketing,178730,15,151920.5,128,0.86,19445824.0,4.26,0.9,696993,Hybrid,Bangalore,No
2021,STU2021068,UI/UX Design,269613,5,256132.35,130,0.66,33297205.5,3.96,0.58,1334614,Offline,Mumbai,No
2021,STU2021069,UI/UX Design,176316,20,141052.8,125,0.65,17631600.0,4.1,0.7,960955,Offline,Delhi,No
2021,STU2021070,Data Science Pro,211765,10,190588.5,136,0.85,25920036.0,4.99,0.61,1328178,Online,Hyderabad,No
2021,STU2021071,Digital Marketing,296314,20,237051.2,74,0.8,17541788.8,4.89,0.78,638807,Offline,Bangalore,No
2021,STU2021072,AI & Machine Learning,272894,10,245604.6,25,0.92,6140115.0,4.47,0.85,508764,Online,Delhi,Yes
2021,STU2021073,FinTech Professional,367859,20,294287.2,167,0.76,49145962.4,4.47,0.6,705967,Online,Hyderabad,Yes
2021,STU2021074,Cyber Security,209810,15,178338.5,178,0.77,31744253.0,3.71,0.78,915704,Hybrid,Hyderabad,Yes
2021,STU2021075,FinTech Professional,230363,10,207326.7,76,0.93,15756829.200000001,4.45,0.84,1268798,Hybrid,Bangalore,No
2021,STU2021076,Business Analytics,362366,5,344247.7,175,0.74,60243347.5,4.67,0.67,1292224,Hybrid,Hyderabad,No
2021,STU2021077,Full Stack Developer,122944,5,116796.8,111,0.75,12964444.8,4.27,0.78,1071822,Online,Bangalore,Yes
2021,STU2021078,Full Stack Developer,284075,15,241463.75,37,0.86,8934158.75,4.04,0.87,667841,Hybrid,Delhi,No
2021,STU2021079,Digital Marketing,154525,0,154525.0,62,0.73,9580550.0,4.34,0.83,1371810,Online,Pune,Yes
2021,STU2021080,Product Management,241280,10,217152.0,183,0.83,39738816.0,3.79,0.65,546945,Hybrid,Pune,Yes
2021,STU2021081,UI/UX Design,157571,0,157571.0,25,0.76,3939275.0,4.54,0.67,1141077,Offline,Mumbai,Yes
2021,STU2021082,AI & Machine Learning,131667,15,111916.95,48,0.7,5372013.6,4.78,0.9,418183,Hybrid,Delhi,Yes
2021,STU2021083,Product Management,318572,10,286714.8,186,0.91,53328952.8,4.49,0.6,943991,Online,Bangalore,Yes
2021,STU2021084,Product Management,183906,0,183906.0,178,0.85,32735268.0,4.55,0.82,665416,Online,Hyderabad,Yes
2021,STU2021085,Data Science Pro,339966,15,288971.1,183,0.83,52881711.3,3.75,0.89,1097849,Online,Pune,Yes
2021,STU2021086,Product Management,275746,5,261958.7,89,0.65,23314324.3,3.86,0.85,485872,Hybrid,Mumbai,Yes
2021,STU2021087,Product Management,215971,20,172776.8,153,0.9,26434850.4,4.91,0.53,944364,Hybrid,Bangalore,Yes
2021,STU2021088,Cyber Security,163721,5,155534.95,96,0.95,14931355.200000001,4.78,0.86,1479087,Offline,Mumbai,No
2021,STU2021089,Cyber Security,165784,5,157494.8,24,0.88,3779875.1999999997,4.77,0.57,1296275,Offline,Bangalore,Yes
2021,STU2021090,Full Stack Developer,189070,0,189070.0,161,0.6,30440270.0,4.25,0.52,578874,Online,Mumbai,No
2021,STU2021091,FinTech Professional,194700,10,175230.0,198,0.93,34695540.0,4.43,0.85,1279923,Offline,Pune,Yes
2021,STU2021092,Investment Banking,166667,0,166667.0,77,0.83,12833359.0,4.32,0.56,927963,Hybrid,Delhi,No
2021,STU2021093,Business Analytics,170655,20,136524.0,95,0.69,12969780.0,4.29,0.58,643146,Offline,Delhi,No
2021,STU2021094,Business Analytics,192892,10,173602.8,104,0.63,18054691.2,3.99,0.75,1467728,Hybrid,Pune,No
2021,STU2021095,Data Science Pro,217291,15,184697.35,35,0.68,6464407.25,4.04,0.63,709978,Online,Delhi,Yes
2021,STU2021096,Digital Marketing,105762,15,89897.7,184,0.84,16541176.799999999,4.69,0.89,768073,Offline,Hyderabad,No
2021,STU2021097,Investment Banking,246965,10,222268.5,148,0.65,32895738.0,4.01,0.91,1354701,Hybrid,Bangalore,Yes
2021,STU2021098,Digital Marketing,328287,10,295458.3,85,0.8,25113955.5,4.41,0.94,1270408,Online,Pune,Yes
2021,STU2021099,Full Stack Developer,385281,5,366016.95,168,0.73,61490847.6,4.48,0.52,1404666,Hybrid,Bangalore,Yes
2022,STU2022000,Business Analytics,123340,10,111006.0,77,0.74,8547462.0,4.15,0.52,675707,Hybrid,Mumbai,No
2022,STU2022001,UI/UX Design,363038,5,344886.1,23,0.65,7932380.3,4.0,0.79,551906,Online,Hyderabad,No
2022,STU2022002,AI & Machine Learning,365940,5,347643.0,24,0.94,8343432.0,4.64,0.57,492284,Offline,Delhi,Yes
2022,STU2022003,Cyber Security,114180,20,91344.0,45,0.91,4110480.0,4.62,0.68,1113549,Hybrid,Delhi,Yes
2022,STU2022004,AI & Machine Learning,193211,20,154568.8,167,0.91,25812989.599999998,4.91,0.68,463279,Hybrid,Mumbai,Yes
2022,STU2022005,Digital Marketing,252533,0,252533.0,51,0.78,12879183.0,4.09,0.87,553297,Offline,Pune,No
2022,STU2022006,Data Science Pro,127106,15,108040.1,166,0.65,17934656.6,3.51,0.59,1224414,Offline,Delhi,No
2022,STU2022007,Cyber Security,116813,10,105131.7,82,0.89,8620799.4,3.97,0.78,1293792,Hybrid,Mumbai,Yes
2022,STU2022008,FinTech Professional,170232,15,144697.2,198,0.76,28650045.6,4.78,0.93,915652,Hybrid,Bangalore,No
2022,STU2022009,Product Management,203669,15,173118.65,76,0.95,13157017.4,4.74,0.71,1480960,Offline,Mumbai,Yes
2022,STU2022010,Cyber Security,315363,20,252290.4,65,0.68,16398876.0,3.71,0.92,547111,Hybrid,Mumbai,No
2022,STU2022011,Business Analytics,137369,10,123632.1,48,0.7,5934340.800000001,3.73,0.51,505338,Offline,Bangalore,Yes
2022,STU2022012,Full Stack Developer,101416,20,81132.8,21,0.68,1703788.8,4.06,0.89,741068,Online,Bangalore,No
2022,STU2022013,Data Science Pro,398103,5,378197.85,72,0.95,27230245.2,4.65,0.88,1488137,Offline,Mumbai,No
2022,STU2022014,Product Management,133680,0,133680.0,99,0.83,13234320.0,4.57,0.9,579492,Online,Bangalore,Yes
2022,STU2022015,Investment Banking,219520,15,186592.0,76,0.73,14180992.0,3.86,0.9,1347113,Offline,Delhi,Yes
2022,STU2022016,Digital Marketing,274954,15,233710.9,36,0.78,8413592.4,4.15,0.7,584419,Online,Bangalore,No
2022,STU2022017,Cyber Security,131354,15,111650.9,182,0.93,20320463.8,4.14,0.54,1184822,Online,Mumbai,Yes
2022,STU2022018,Data Science Pro,145230,10,130707.0,85,0.8,11110095.0,3.84,0.8,1005437,Hybrid,Mumbai,No
2022,STU2022019,Investment Banking,257475,10,231727.5,132,0.74,30588030.0,3.7,0.57,1081293,Hybrid,Mumbai,No
2022,STU2022020,Product Management,358458,0,358458.0,175,0.75,62730150.0,4.59,0.81,593640,Offline,Bangalore,Yes
2022,STU2022021,Data Science Pro,377138,20,301710.4,32,0.93,9654732.8,4.76,0.91,539879,Online,Pune,Yes
2022,STU2022022,FinTech Professional,156132,0,156132.0,95,0.71,14832540.0,3.7,0.71,1325845,Offline,Hyderabad,Yes
2022,STU2022023,Cyber Security,181414,0,181414.0,186,0.75,33743004.0,3.52,0.68,1042539,Offline,Hyderabad,No
2022,STU2022024,Cyber Security,184650,10,166185.0,124,0.76,20606940.0,3.58,0.76,1020110,Offline,Pune,No
2022,STU2022025,Investment Banking,384372,20,307497.6,172,0.73,52889587.199999996,3.62,0.88,961753,Offline,Delhi,No
2022,STU2022026,UI/UX Design,159150,0,159150.0,194,0.62,30875100.0,3.87,0.89,1193981,Offline,Pune,Yes
2022,STU2022027,Cyber Security,240567,5,228538.65,152,0.9,34737874.8,4.25,0.89,721539,Offline,Mumbai,No
2022,STU2022028,Investment Banking,210449,15,178881.65,167,0.69,29873235.55,4.25,0.93,561166,Hybrid,Hyderabad,Yes
2022,STU2022029,Cyber Security,119672,5,113688.4,185,0.61,21032354.0,4.23,0.79,545248,Online,Mumbai,No
2022,STU2022030,UI/UX Design,160270,20,128216.0,96,0.82,12308736.0,3.53,0.85,1261710,Hybrid,Bangalore,No
2022,STU2022031,Full Stack Developer,219503,20,175602.4,92,0.79,16155420.799999999,3.58,0.67,912792,Online,Delhi,No
2022,STU2022032,Cyber Security,238070,15,202359.5,173,0.68,35008193.5,3.83,0.67,1398817,Online,Bangalore,No
2022,STU2022033,UI/UX Design,399670,15,339719.5,186,0.61,63187827.0,3.73,0.84,725059,Online,Delhi,Yes
2022,STU2022034,AI & Machine Learning,138355,10,124519.5,134,0.9,16685613.0,4.21,0.67,573960,Hybrid,Bangalore,No
2022,STU2022035,Investment Banking,118927,20,95141.6,80,0.62,7611328.0,3.57,0.84,1417751,Online,Hyderabad,Yes
2022,STU2022036,Investment Banking,168419,15,143156.15,62,0.8,8875681.299999999,4.81,0.51,1251927,Online,Mumbai,No
2022,STU2022037,UI/UX Design,196640,10,176976.0,40,0.73,7079040.0,3.51,0.77,601200,Hybrid,Bangalore,No
2022,STU2022038,Full Stack Developer,391949,10,352754.1,62,0.8,21870754.2,4.6,0.84,988204,Hybrid,Delhi,Yes
2022,STU2022039,Investment Banking,395892,10,356302.8,123,0.6,43825244.4,4.98,0.58,462597,Hybrid,Hyderabad,No
2022,STU2022040,Full Stack Developer,321193,0,321193.0,52,0.8,16702036.0,4.52,0.54,956716,Offline,Delhi,No
2022,STU2022041,AI & Machine Learning,117347,20,93877.6,110,0.86,10326536.0,4.96,0.66,1428612,Offline,Bangalore,No
2022,STU2022042,UI/UX Design,212950,0,212950.0,95,0.84,20230250.0,4.01,0.67,769128,Hybrid,Hyderabad,No
2022,STU2022043,Business Analytics,257354,15,218750.9,160,0.63,35000144.0,3.59,0.79,1340805,Hybrid,Bangalore,No
2022,STU2022044,Cyber Security,217490,5,206615.5,125,0.6,25826937.5,4.94,0.86,822776,Hybrid,Bangalore,Yes
2022,STU2022045,FinTech Professional,360362,10,324325.8,75,0.7,24324435.0,4.08,0.68,531501,Online,Delhi,Yes
2022,STU2022046,AI & Machine Learning,368501,10,331650.9,47,0.89,15587592.3,4.4,0.78,625290,Online,Mumbai,No
2022,STU2022047,Investment Banking,106270,20,85016.0,79,0.75,6716264.0,3.68,0.63,927056,Online,Delhi,Yes
2022,STU2022048,Digital Marketing,314859,15,267630.15,136,0.79,36397700.400000006,4.28,0.64,1380421,Online,Bangalore,No
2022,STU2022049,Cyber Security,185493,0,185493.0,73,0.82,13540989.0,4.8,0.79,1363101,Online,Bangalore,Yes
2022,STU2022050,Product Management,198597,5,188667.15,147,0.75,27734071.05,4.12,0.55,1189613,Hybrid,Pune,No
2022,STU2022051,Digital Marketing,212375,10,191137.5,194,0.91,37080675.0,3.64,0.74,984144,Online,Hyderabad,Yes
2022,STU2022052,Product Management,285240,5,270978.0,170,0.73,46066260.0,4.71,0.93,835251,Online,Hyderabad,No
2022,STU2022053,Full Stack Developer,341621,20,273296.8,25,0.87,6832420.0,4.31,0.69,614836,Offline,Delhi,No
2022,STU2022054,Full Stack Developer,285980,0,285980.0,88,0.72,25166240.0,4.39,0.71,960835,Online,Mumbai,Yes
2022,STU2022055,Digital Marketing,119033,5,113081.35,99,0.87,11195053.65,3.63,0.53,646103,Hybrid,Mumbai,Yes
2022,STU2022056,Product Management,384773,0,384773.0,162,0.82,62333226.0,3.87,0.68,1263078,Offline,Bangalore,No
2022,STU2022057,Digital Marketing,187184,10,168465.6,126,0.82,21226665.6,3.95,0.82,1118126,Hybrid,Bangalore,No
2022,STU2022058,Full Stack Developer,330041,5,313538.95,56,0.94,17558181.2,4.51,0.7,872740,Offline,Bangalore,No
2022,STU2022059,FinTech Professional,353885,20,283108.0,129,0.91,36520932.0,4.96,0.94,695234,Online,Hyderabad,Yes
2022,STU2022060,Digital Marketing,292556,0,292556.0,42,0.68,12287352.0,4.25,0.89,740259,Hybrid,Hyderabad,No
2022,STU2022061,UI/UX Design,375666,0,375666.0,143,0.85,53720238.0,4.38,0.9,1166889,Online,Delhi,Yes
2022,STU2022062,Cyber Security,269291,0,269291.0,176,0.86,47395216.0,4.31,0.66,411440,Online,Mumbai,Yes
2022,STU2022063,UI/UX Design,217002,0,217002.0,199,0.7,43183398.0,4.14,0.67,1466075,Offline,Pune,Yes
2022,STU2022064,Investment Banking,222270,10,200043.0,156,0.78,31206708.0,4.24,0.66,797745,Offline,Pune,No
2022,STU2022065,Cyber Security,299948,20,239958.4,92,0.68,22076172.8,4.46,0.55,599842,Online,Bangalore,No
2022,STU2022066,AI & Machine Learning,281922,10,253729.8,40,0.66,10149192.0,4.98,0.69,696576,Hybrid,Mumbai,Yes
2022,STU2022067,Data Science Pro,144175,5,136966.25,92,0.65,12600895.0,4.06,0.55,939256,Hybrid,Bangalore,Yes
2022,STU2022068,Investment Banking,298086,5,283181.7,187,0.65,52954977.9,4.09,0.72,552950,Offline,Hyderabad,No
2022,STU2022069,UI/UX Design,330159,5,313651.05,175,0.83,54888933.75,3.93,0.82,1261798,Online,Hyderabad,Yes
2022,STU2022070,UI/UX Design,321296,0,321296.0,84,0.84,26988864.0,4.35,0.68,1270310,Online,Hyderabad,No
2022,STU2022071,Business Analytics,219052,5,208099.4,114,0.68,23723331.599999998,4.48,0.54,1390985,Hybrid,Pune,Yes
2022,STU2022072,Business Analytics,257745,15,219083.25,91,0.75,19936575.75,3.73,0.83,959178,Offline,Bangalore,Yes
2022,STU2022073,UI/UX Design,239750,15,203787.5,54,0.82,11004525.0,4.21,0.66,1364965,Offline,Mumbai,No
2022,STU2022074,Investment Banking,301558,20,241246.4,196,0.87,47284294.4,3.96,0.91,615630,Hybrid,Bangalore,No
2022,STU2022075,Data Science Pro,219130,20,175304.0,168,0.77,29451072.0,3.5,0.87,539194,Hybrid,Hyderabad,Yes
2022,STU2022076,Investment Banking,219144,15,186272.4,149,0.83,27754587.599999998,4.21,0.56,1026832,Offline,Mumbai,Yes
2022,STU2022077,Product Management,320894,15,272759.9,152,0.65,41459504.800000004,4.72,0.75,1387061,Hybrid,Delhi,Yes
2022,STU2022078,Cyber Security,278473,20,222778.4,131,0.88,29183970.4,4.24,0.93,813196,Online,Hyderabad,No
2022,STU2022079,Investment Banking,316864,5,301020.8,183,0.62,55086806.4,4.18,0.71,562245,Online,Pune,Yes
2022,STU2022080,AI & Machine Learning,259868,10,233881.2,112,0.66,26194694.400000002,4.72,0.73,1259455,Offline,Hyderabad,Yes
2022,STU2022081,Business Analytics,311117,10,280005.3,20,0.63,5600106.0,4.26,0.64,1135254,Online,Mumbai,No
2022,STU2022082,Cyber Security,352868,15,299937.8,126,0.8,37792162.8,3.92,0.77,1052737,Online,Delhi,No
2022,STU2022083,Cyber Security,151985,20,121588.0,56,0.65,6808928.0,3.5,0.61,710615,Hybrid,Delhi,Yes
2022,STU2022084,Full Stack Developer,293645,0,293645.0,123,0.7,36118335.0,3.8,0.59,726829,Hybrid,Mumbai,Yes
2022,STU2022085,Cyber Security,136972,10,123274.8,78,0.7,9615434.4,4.56,0.79,1340265,Online,Bangalore,No
2022,STU2022086,FinTech Professional,116856,5,111013.2,31,0.65,3441409.1999999997,4.46,0.56,766274,Online,Bangalore,No
2022,STU2022087,AI & Machine Learning,368807,20,295045.6,139,0.79,41011338.4,4.65,0.73,1023274,Online,Hyderabad,No
2022,STU2022088,Investment Banking,362562,5,344433.9,63,0.81,21699335.700000003,4.37,0.64,1260891,Online,Hyderabad,Yes
2022,STU2022089,Full Stack Developer,154465,0,154465.0,133,0.83,20543845.0,3.57,0.72,1313162,Hybrid,Hyderabad,No
2022,STU2022090,UI/UX Design,253470,5,240796.5,138,0.86,33229917.0,4.28,0.7,1358729,Offline,Mumbai,No
2022,STU2022091,Cyber Security,245649,15,208801.65,136,0.76,28397024.4,4.27,0.83,1474850,Hybrid,Bangalore,Yes
2022,STU2022092,Product Management,108186,0,108186.0,123,0.87,13306878.0,4.12,0.93,1241993,Offline,Hyderabad,Yes
2022,STU2022093,Cyber Security,231751,5,220163.45,113,0.76,24878469.85,4.47,0.73,982983,Offline,Delhi,Yes
2022,STU2022094,AI & Machine Learning,193105,10,173794.5,47,0.61,8168341.5,3.96,0.78,753566,Hybrid,Delhi,No
2022,STU2022095,Data Science Pro,315569,15,268233.65,68,0.64,18239888.200000003,4.27,0.74,677655,Hybrid,Hyderabad,No
2022,STU2022096,Product Management,181217,5,172156.15,179,0.63,30815950.849999998,4.94,0.89,998098,Offline,Mumbai,Yes
2022,STU2022097,Digital Marketing,124356,5,118138.2,50,0.63,5906910.0,4.04,0.79,1140194,Online,Bangalore,Yes
2022,STU2022098,AI & Machine Learning,229915,20,183932.0,64,0.92,11771648.0,4.3,0.91,532133,Offline,Pune,Yes
2022,STU2022099,FinTech Professional,159935,5,151938.25,28,0.64,4254271.0,4.67,0.88,781119,Offline,Delhi,No
2023,STU2023000,Cyber Security,320805,15,272684.25,21,0.73,5726369.25,3.58,0.66,447625,Hybrid,Pune,No
2023,STU2023001,Investment Banking,337754,20,270203.2,199,0.73,53770436.800000004,3.76,0.68,680294,Hybrid,Delhi,No
2023,STU2023002,AI & Machine Learning,282002,20,225601.6,182,0.9,41059491.2,3.6,0.65,526531,Hybrid,Bangalore,Yes
2023,STU2023003,Business Analytics,365459,0,365459.0,46,0.9,16811114.0,3.71,0.93,511007,Online,Mumbai,No
2023,STU2023004,UI/UX Design,333005,15,283054.25,170,0.76,48119222.5,4.56,0.72,1363445,Online,Hyderabad,No
2023,STU2023005,Product Management,101826,20,81460.8,45,0.63,3665736.0,3.6,0.7,1449838,Online,Pune,Yes
2023,STU2023006,Product Management,226439,10,203795.1,71,0.8,14469452.1,4.29,0.82,1455803,Offline,Delhi,Yes
2023,STU2023007,Cyber Security,180994,5,171944.3,89,0.94,15303042.7,4.16,0.81,625544,Online,Pune,Yes
2023,STU2023008,Business Analytics,135975,20,108780.0,122,0.88,13271160.0,4.0,0.57,1126015,Offline,Bangalore,No
2023,STU2023009,AI & Machine Learning,218443,20,174754.4,199,0.94,34776125.6,4.94,0.64,484236,Offline,Delhi,Yes
2023,STU2023010,Business Analytics,392932,15,333992.2,188,0.62,62790533.6,3.74,0.75,1422773,Online,Bangalore,Yes
2023,STU2023011,Product Management,182624,20,146099.2,40,0.82,5843968.0,3.85,0.94,449060,Offline,Delhi,No
2023,STU2023012,Data Science Pro,276419,15,234956.15,175,0.86,41117326.25,4.14,0.62,1350125,Online,Delhi,No
2023,STU2023013,UI/UX Design,294332,20,235465.6,195,0.6,45915792.0,4.38,0.92,748962,Hybrid,Pune,Yes
2023,STU2023014,Business Analytics,342947,5,325799.65,77,0.95,25086573.05,4.36,0.6,933494,Offline,Delhi,Yes
2023,STU2023015,Product Management,211876,10,190688.4,165,0.91,31463586.0,3.63,0.82,1146963,Hybrid,Hyderabad,No
2023,STU2023016,Data Science Pro,318896,0,318896.0,127,0.83,40499792.0,4.99,0.92,525489,Offline,Pune,Yes
2023,STU2023017,Digital Marketing,319826,15,271852.1,164,0.62,44583744.4,3.66,0.83,623378,Offline,Bangalore,No
2023,STU2023018,Business Analytics,297371,20,237896.8,100,0.92,23789680.0,4.51,0.51,763573,Online,Bangalore,No
2023,STU2023019,Digital Marketing,329797,5,313307.15,158,0.63,49502529.7,4.22,0.7,1399988,Offline,Mumbai,Yes
2023,STU2023020,Digital Marketing,112487,10,101238.3,130,0.63,13160979.0,4.27,0.9,1179471,Online,Delhi,Yes
2023,STU2023021,Full Stack Developer,170936,15,145295.6,190,0.91,27606164.0,3.88,0.62,906223,Online,Bangalore,Yes
2023,STU2023022,Digital Marketing,244115,0,244115.0,165,0.8,40278975.0,4.43,0.58,698382,Hybrid,Mumbai,No
2023,STU2023023,Business Analytics,162825,5,154683.75,69,0.74,10673178.75,3.5,0.81,532910,Offline,Mumbai,Yes
2023,STU2023024,FinTech Professional,134954,15,114710.9,145,0.91,16633080.5,4.08,0.62,1246416,Offline,Pune,No
2023,STU2023025,Data Science Pro,338945,5,321997.75,136,0.86,43791694.0,4.57,0.8,723118,Online,Hyderabad,Yes
2023,STU2023026,Cyber Security,108845,20,87076.0,169,0.92,14715844.0,3.74,0.7,1205936,Online,Hyderabad,Yes
2023,STU2023027,Data Science Pro,327295,10,294565.5,114,0.66,33580467.0,4.29,0.58,1176846,Hybrid,Pune,No
2023,STU2023028,Investment Banking,174471,20,139576.8,46,0.92,6420532.8,3.82,0.91,1007698,Offline,Hyderabad,Yes
2023,STU2023029,Investment Banking,169219,10,152297.1,181,0.85,27565775.1,3.72,0.59,1206127,Online,Delhi,Yes
2023,STU2023030,Investment Banking,287150,20,229720.0,82,0.82,18837040.0,4.63,0.63,540627,Offline,Delhi,No
2023,STU2023031,AI & Machine Learning,262460,20,209968.0,120,0.65,25196160.0,4.98,0.72,1194767,Online,Delhi,No
2023,STU2023032,Full Stack Developer,130713,10,117641.7,166,0.84,19528522.2,4.65,0.62,1014877,Offline,Bangalore,No
2023,STU2023033,Digital Marketing,130820,5,124279.0,132,0.67,16404828.0,4.76,0.67,1061861,Hybrid,Pune,Yes
2023,STU2023034,Investment Banking,234563,0,234563.0,94,0.68,22048922.0,4.2,0.63,752142,Online,Mumbai,Yes
2023,STU2023035,Business Analytics,377891,15,321207.35,146,0.87,46896273.099999994,4.8,0.64,1481688,Hybrid,Mumbai,No
2023,STU2023036,AI & Machine Learning,105202,0,105202.0,125,0.68,13150250.0,4.12,0.86,469340,Offline,Hyderabad,Yes
2023,STU2023037,Full Stack Developer,116666,20,93332.8,70,0.65,6533296.0,3.63,0.52,1449421,Online,Bangalore,No
2023,STU2023038,FinTech Professional,109846,15,93369.1,30,0.93,2801073.0,4.54,0.52,1385300,Offline,Hyderabad,No
2023,STU2023039,Product Management,394733,20,315786.4,144,0.78,45473241.6,3.54,0.62,703973,Online,Delhi,Yes
2023,STU2023040,Product Management,183328,5,174161.6,139,0.75,24208462.400000002,4.82,0.78,1429304,Offline,Pune,No
2023,STU2023041,Product Management,302671,15,257270.35,153,0.77,39362363.550000004,3.57,0.74,1387625,Online,Delhi,No
2023,STU2023042,Product Management,157303,0,157303.0,179,0.86,28157237.0,4.57,0.58,1311800,Hybrid,Mumbai,No
2023,STU2023043,Investment Banking,315612,20,252489.6,35,0.9,8837136.0,3.54,0.63,570492,Offline,Mumbai,Yes
2023,STU2023044,Cyber Security,388472,15,330201.2,49,0.88,16179858.8,4.82,0.54,1105683,Offline,Pune,No
2023,STU2023045,FinTech Professional,181335,5,172268.25,37,0.65,6373925.25,4.5,0.73,903160,Hybrid,Bangalore,Yes
2023,STU2023046,FinTech Professional,344565,15,292880.25,151,0.84,44224917.75,4.8,0.66,753980,Online,Hyderabad,No
2023,STU2023047,Cyber Security,293271,15,249280.35,58,0.61,14458260.3,4.9,0.9,1183636,Offline,Bangalore,Yes
2023,STU2023048,Data Science Pro,359358,0,359358.0,194,0.81,69715452.0,4.65,0.72,463779,Hybrid,Pune,Yes
2023,STU2023049,Investment Banking,382855,15,325426.75,114,0.71,37098649.5,4.77,0.85,615449,Offline,Hyderabad,Yes
2023,STU2023050,UI/UX Design,210637,0,210637.0,73,0.66,15376501.0,4.24,0.61,985517,Hybrid,Bangalore,Yes
2023,STU2023051,UI/UX Design,218581,0,218581.0,109,0.76,23825329.0,4.47,0.62,1152182,Hybrid,Bangalore,Yes
2023,STU2023052,AI & Machine Learning,239784,5,227794.8,127,0.86,28929939.599999998,3.5,0.91,701980,Online,Hyderabad,Yes
2023,STU2023053,UI/UX Design,208048,10,187243.2,112,0.95,20971238.400000002,3.86,0.55,639705,Hybrid,Bangalore,No
2023,STU2023054,Investment Banking,202677,0,202677.0,158,0.81,32022966.0,4.3,0.76,1243788,Online,Bangalore,No
2023,STU2023055,FinTech Professional,106038,15,90132.3,141,0.85,12708654.3,4.27,0.71,1135424,Hybrid,Bangalore,Yes
2023,STU2023056,UI/UX Design,197012,10,177310.8,133,0.74,23582336.4,3.73,0.88,895145,Online,Mumbai,No
2023,STU2023057,Data Science Pro,108603,15,92312.55,42,0.93,3877127.1,4.02,0.8,809722,Offline,Mumbai,No
2023,STU2023058,Digital Marketing,313027,15,266072.95,77,0.87,20487617.150000002,4.22,0.74,1496563,Offline,Mumbai,Yes
2023,STU2023059,FinTech Professional,338388,10,304549.2,83,0.88,25277583.6,4.46,0.84,1454864,Hybrid,Mumbai,Yes
2023,STU2023060,Business Analytics,391646,10,352481.4,163,0.84,57454468.2,4.17,0.78,461291,Offline,Hyderabad,No
2023,STU2023061,Data Science Pro,270877,20,216701.6,125,0.75,27087700.0,4.73,0.8,1366022,Offline,Delhi,No
2023,STU2023062,Full Stack Developer,318271,0,318271.0,192,0.87,61108032.0,3.7,0.74,1126217,Hybrid,Delhi,Yes
2023,STU2023063,Cyber Security,349897,5,332402.15,144,0.61,47865909.6,4.76,0.84,1168644,Offline,Bangalore,Yes
2023,STU2023064,Business Analytics,304312,15,258665.2,76,0.94,19658555.2,3.88,0.89,1368570,Offline,Delhi,No
2023,STU2023065,FinTech Professional,386869,20,309495.2,55,0.7,17022236.0,4.76,0.61,627317,Offline,Hyderabad,No
2023,STU2023066,Cyber Security,191206,10,172085.4,138,0.85,23747785.2,3.53,0.63,804839,Offline,Bangalore,No
2023,STU2023067,FinTech Professional,158015,10,142213.5,50,0.65,7110675.0,4.76,0.59,1022445,Online,Bangalore,No
2023,STU2023068,Data Science Pro,253508,0,253508.0,150,0.92,38026200.0,3.98,0.84,922415,Hybrid,Mumbai,Yes
2023,STU2023069,FinTech Professional,204259,15,173620.15,30,0.63,5208604.5,3.68,0.89,1269530,Offline,Hyderabad,No
2023,STU2023070,FinTech Professional,288188,5,273778.6,118,0.78,32305874.799999997,4.2,0.55,1480685,Online,Pune,No
2023,STU2023071,Digital Marketing,315574,5,299795.3,27,0.84,8094473.1,4.02,0.93,1343255,Offline,Delhi,No
2023,STU2023072,Data Science Pro,353965,20,283172.0,148,0.61,41909456.0,4.67,0.72,1262918,Online,Mumbai,Yes
2023,STU2023073,Business Analytics,257529,20,206023.2,128,0.88,26370969.6,3.83,0.54,680945,Online,Hyderabad,No
2023,STU2023074,Data Science Pro,196786,20,157428.8,169,0.64,26605467.2,4.8,0.66,705538,Offline,Hyderabad,Yes
2023,STU2023075,AI & Machine Learning,363102,20,290481.6,112,0.81,32533939.199999996,4.06,0.68,476403,Offline,Delhi,No
2023,STU2023076,AI & Machine Learning,376434,10,338790.6,25,0.73,8469765.0,4.36,0.76,816403,Offline,Pune,No
2023,STU2023077,UI/UX Design,225491,10,202941.9,164,0.7,33282471.599999998,4.51,0.63,471012,Hybrid,Bangalore,Yes
2023,STU2023078,Data Science Pro,126242,5,119929.9,62,0.95,7435653.8,4.87,0.82,791508,Offline,Hyderabad,No
2023,STU2023079,Cyber Security,155172,5,147413.4,26,0.85,3832748.4,3.72,0.79,917257,Offline,Hyderabad,Yes
2023,STU2023080,Product Management,232539,15,197658.15,122,0.6,24114294.3,3.53,0.83,695755,Online,Bangalore,Yes
2023,STU2023081,UI/UX Design,271619,20,217295.2,200,0.93,43459040.0,4.99,0.95,1168870,Hybrid,Pune,No
2023,STU2023082,Full Stack Developer,242865,0,242865.0,124,0.89,30115260.0,3.53,0.7,1207643,Online,Mumbai,Yes
2023,STU2023083,FinTech Professional,192025,5,182423.75,188,0.73,34295665.0,4.35,0.74,534369,Offline,Hyderabad,No
2023,STU2023084,Cyber Security,138421,20,110736.8,103,0.67,11405890.4,3.57,0.55,1498396,Online,Pune,No
2023,STU2023085,AI & Machine Learning,172132,5,163525.4,124,0.73,20277149.599999998,4.78,0.68,1261893,Hybrid,Delhi,No
2023,STU2023086,Product Management,219676,10,197708.4,34,0.78,6722085.6,4.25,0.86,1399444,Hybrid,Mumbai,Yes
2023,STU2023087,Digital Marketing,247599,0,247599.0,196,0.89,48529404.0,3.82,0.61,817881,Offline,Delhi,Yes
2023,STU2023088,Business Analytics,165053,10,148547.7,117,0.81,17380080.900000002,4.1,0.63,586063,Hybrid,Delhi,Yes
2023,STU2023089,Data Science Pro,265567,5,252288.65,109,0.71,27499462.849999998,4.77,0.59,1159818,Hybrid,Hyderabad,No
2023,STU2023090,FinTech Professional,112236,0,112236.0,155,0.75,17396580.0,3.91,0.52,426531,Offline,Pune,Yes
2023,STU2023091,Data Science Pro,299718,20,239774.4,173,0.8,41480971.199999996,4.11,0.64,679071,Online,Bangalore,No
2023,STU2023092,Cyber Security,188269,0,188269.0,155,0.73,29181695.0,3.97,0.86,709629,Online,Bangalore,No
2023,STU2023093,Product Management,298930,5,283983.5,103,0.87,29250300.5,3.67,0.94,453324,Hybrid,Bangalore,No
2023,STU2023094,Product Management,167998,10,151198.2,20,0.81,3023964.0,4.33,0.72,1082034,Offline,Pune,No
2023,STU2023095,Full Stack Developer,398099,20,318479.2,112,0.61,35669670.4,4.77,0.77,1431185,Online,Pune,Yes
2023,STU2023096,Business Analytics,272103,20,217682.4,195,0.92,42448068.0,4.9,0.83,1275709,Hybrid,Pune,Yes
2023,STU2023097,FinTech Professional,163836,5,155644.2,148,0.81,23035341.6,3.83,0.56,1265901,Offline,Mumbai,Yes
2023,STU2023098,Digital Marketing,188834,20,151067.2,28,0.62,4229881.600000001,3.99,0.72,1023776,Online,Pune,Yes
2023,STU2023099,Business Analytics,395841,15,336464.85,182,0.85,61236602.699999996,3.96,0.88,1219247,Offline,Pune,No
2024,STU2024000,UI/UX Design,286540,15,243559.0,140,0.62,34098260.0,4.28,0.59,1231263,Offline,Delhi,Yes
2024,STU2024001,Product Management,171609,0,171609.0,164,0.8,28143876.0,4.58,0.65,1075929,Online,Hyderabad,No
2024,STU2024002,Cyber Security,344076,20,275260.8,118,0.74,32480774.4,4.01,0.76,1209275,Online,Pune,Yes
2024,STU2024003,Cyber Security,166901,5,158555.95,139,0.72,22039277.05,4.53,0.85,918585,Online,Mumbai,No
2024,STU2024004,Investment Banking,158049,15,134341.65,197,0.65,26465305.049999997,4.28,0.82,1364435,Online,Bangalore,No
2024,STU2024005,Digital Marketing,324280,10,291852.0,96,0.67,28017792.0,4.36,0.82,1081456,Online,Hyderabad,No
2024,STU2024006,Full Stack Developer,139340,15,118439.0,35,0.91,4145365.0,4.41,0.83,572536,Hybrid,Delhi,No
2024,STU2024007,Digital Marketing,324601,20,259680.8,108,0.71,28045526.4,4.41,0.6,777507,Offline,Mumbai,Yes
2024,STU2024008,FinTech Professional,359582,20,287665.6,40,0.69,11506624.0,4.71,0.8,458599,Online,Delhi,Yes
2024,STU2024009,Product Management,294780,15,250563.0,199,0.68,49862037.0,3.68,0.62,598164,Offline,Hyderabad,Yes
2024,STU2024010,Full Stack Developer,184954,5,175706.3,31,0.65,5446895.3,3.97,0.82,1380656,Offline,Mumbai,No
2024,STU2024011,Product Management,277996,0,277996.0,160,0.89,44479360.0,4.1,0.79,1418372,Online,Bangalore,Yes
2024,STU2024012,Business Analytics,115609,5,109828.55,22,0.91,2416228.1,4.8,0.91,672509,Hybrid,Hyderabad,No
2024,STU2024013,AI & Machine Learning,311581,15,264843.85,28,0.72,7415627.799999999,4.41,0.88,701681,Offline,Delhi,No
2024,STU2024014,FinTech Professional,205609,0,205609.0,188,0.76,38654492.0,4.18,0.8,1175474,Online,Delhi,No
2024,STU2024015,Data Science Pro,139338,10,125404.2,23,0.94,2884296.6,3.57,0.86,1471054,Online,Pune,No
2024,STU2024016,Product Management,247427,0,247427.0,97,0.75,24000419.0,4.97,0.62,1086097,Offline,Pune,Yes
2024,STU2024017,UI/UX Design,273050,10,245745.0,129,0.72,31701105.0,3.77,0.58,446861,Hybrid,Pune,Yes
2024,STU2024018,Digital Marketing,186163,5,176854.85,158,0.68,27943066.3,4.33,0.85,921018,Offline,Delhi,No
2024,STU2024019,Business Analytics,368106,10,331295.4,42,0.88,13914406.8,4.1,0.6,1104279,Hybrid,Delhi,Yes
2024,STU2024020,Cyber Security,201779,5,191690.05,197,0.86,37762939.849999994,4.45,0.94,1109781,Online,Delhi,No
2024,STU2024021,AI & Machine Learning,328531,20,262824.8,23,0.91,6044970.399999999,4.04,0.82,1043885,Online,Mumbai,No
2024,STU2024022,Digital Marketing,317617,10,285855.3,199,0.64,56885204.699999996,4.08,0.61,1370641,Online,Hyderabad,Yes
2024,STU2024023,Full Stack Developer,360074,5,342070.3,137,0.69,46863631.1,3.77,0.74,927527,Offline,Bangalore,No
2024,STU2024024,UI/UX Design,350476,15,297904.6,145,0.63,43196167.0,4.02,0.61,949856,Hybrid,Mumbai,Yes
2024,STU2024025,Data Science Pro,261513,20,209210.4,72,0.62,15063148.799999999,4.34,0.93,1049959,Offline,Hyderabad,No
2024,STU2024026,Digital Marketing,381402,5,362331.9,103,0.73,37320185.7,4.26,0.87,1489625,Online,Bangalore,Yes
2024,STU2024027,FinTech Professional,298039,20,238431.2,115,0.62,27419588.0,3.61,0.63,979064,Hybrid,Hyderabad,Yes
2024,STU2024028,Product Management,187315,5,177949.25,24,0.63,4270782.0,4.06,0.93,1400016,Offline,Mumbai,No
2024,STU2024029,Data Science Pro,351540,20,281232.0,34,0.6,9561888.0,4.32,0.78,1370602,Hybrid,Hyderabad,Yes
2024,STU2024030,Investment Banking,277606,15,235965.1,70,0.77,16517557.0,3.99,0.74,1294271,Offline,Pune,No
2024,STU2024031,FinTech Professional,275178,15,233901.3,103,0.93,24091833.9,4.3,0.62,1266169,Offline,Bangalore,Yes
2024,STU2024032,FinTech Professional,182898,5,173753.1,61,0.78,10598939.1,4.79,0.79,994200,Hybrid,Pune,Yes
2024,STU2024033,Digital Marketing,223890,15,190306.5,43,0.89,8183179.5,4.65,0.53,736418,Offline,Pune,Yes
2024,STU2024034,FinTech Professional,353697,0,353697.0,174,0.81,61543278.0,4.48,0.66,416815,Offline,Bangalore,Yes
2024,STU2024035,Data Science Pro,335260,5,318497.0,93,0.71,29620221.0,4.94,0.78,650933,Offline,Mumbai,Yes
2024,STU2024036,Digital Marketing,242161,20,193728.8,65,0.8,12592372.0,4.43,0.71,963267,Hybrid,Mumbai,Yes
2024,STU2024037,Digital Marketing,384323,5,365106.85,63,0.63,23001731.549999997,4.03,0.76,794426,Online,Hyderabad,Yes
2024,STU2024038,UI/UX Design,378598,20,302878.4,76,0.64,23018758.400000002,4.05,0.88,1091012,Hybrid,Mumbai,No
2024,STU2024039,Product Management,249694,15,212239.9,21,0.72,4457037.899999999,4.28,0.8,1452021,Offline,Bangalore,No
2024,STU2024040,Data Science Pro,210871,0,210871.0,79,0.75,16658809.0,4.33,0.84,745066,Hybrid,Mumbai,Yes
2024,STU2024041,Product Management,208190,0,208190.0,73,0.83,15197870.0,4.7,0.5,831691,Hybrid,Hyderabad,Yes
2024,STU2024042,Digital Marketing,157361,20,125888.8,175,0.91,22030540.0,4.82,0.64,1054028,Offline,Delhi,Yes
2024,STU2024043,Cyber Security,312386,20,249908.8,90,0.77,22491792.0,3.83,0.95,904692,Offline,Mumbai,No
2024,STU2024044,AI & Machine Learning,328256,15,279017.6,171,0.73,47712009.599999994,4.23,0.68,1214330,Online,Pune,No
2024,STU2024045,Product Management,133216,15,113233.6,75,0.94,8492520.0,4.69,0.89,1464848,Hybrid,Mumbai,No
2024,STU2024046,AI & Machine Learning,191768,20,153414.4,82,0.72,12579980.799999999,4.88,0.83,1167022,Offline,Hyderabad,No
2024,STU2024047,UI/UX Design,273180,5,259521.0,84,0.87,21799764.0,4.63,0.74,702048,Hybrid,Pune,Yes
2024,STU2024048,FinTech Professional,339350,0,339350.0,26,0.76,8823100.0,4.66,0.57,484100,Hybrid,Bangalore,No
2024,STU2024049,Data Science Pro,262331,0,262331.0,91,0.66,23872121.0,4.68,0.91,458164,Hybrid,Delhi,No
2024,STU2024050,UI/UX Design,349754,15,297290.9,199,0.81,59160889.1,4.06,0.56,960856,Offline,Hyderabad,Yes
2024,STU2024051,Investment Banking,309845,20,247876.0,138,0.92,34206888.0,4.06,0.83,1029119,Hybrid,Bangalore,Yes
2024,STU2024052,Business Analytics,333363,20,266690.4,25,0.65,6667260.000000001,4.16,0.75,662644,Offline,Bangalore,Yes
2024,STU2024053,Product Management,285442,15,242625.7,130,0.86,31541341.0,3.61,0.53,1002239,Offline,Pune,No
2024,STU2024054,UI/UX Design,279783,10,251804.7,140,0.63,35252658.0,3.56,0.74,498523,Hybrid,Delhi,Yes
2024,STU2024055,AI & Machine Learning,242389,20,193911.2,145,0.81,28117124.0,3.66,0.9,508649,Offline,Delhi,Yes
2024,STU2024056,Data Science Pro,245053,5,232800.35,65,0.82,15132022.75,4.49,0.8,1020289,Hybrid,Hyderabad,No
2024,STU2024057,Business Analytics,267890,15,227706.5,61,0.88,13890096.5,4.07,0.6,882485,Offline,Delhi,Yes
2024,STU2024058,Investment Banking,344630,0,344630.0,52,0.62,17920760.0,4.21,0.91,1081282,Online,Hyderabad,Yes
2024,STU2024059,Product Management,270843,15,230216.55,60,0.9,13812993.0,4.8,0.71,959532,Online,Delhi,Yes
2024,STU2024060,FinTech Professional,350028,15,297523.8,188,0.73,55934474.4,4.69,0.84,1157983,Offline,Bangalore,No
2024,STU2024061,UI/UX Design,102265,10,92038.5,101,0.94,9295888.5,4.93,0.82,1247315,Hybrid,Mumbai,No
2024,STU2024062,Full Stack Developer,285603,5,271322.85,175,0.9,47481498.74999999,4.9,0.7,993782,Hybrid,Delhi,Yes
2024,STU2024063,Cyber Security,293843,0,293843.0,39,0.88,11459877.0,4.96,0.54,932281,Hybrid,Delhi,No
2024,STU2024064,Digital Marketing,161710,20,129368.0,66,0.69,8538288.0,4.7,0.85,471725,Online,Delhi,No
2024,STU2024065,Investment Banking,352789,0,352789.0,168,0.78,59268552.0,4.89,0.55,1175349,Online,Hyderabad,No
2024,STU2024066,Data Science Pro,204832,15,174107.2,167,0.78,29075902.400000002,4.88,0.69,812769,Online,Mumbai,Yes
2024,STU2024067,Digital Marketing,356266,10,320639.4,85,0.63,27254349.000000004,4.05,0.93,904412,Online,Hyderabad,No
2024,STU2024068,Data Science Pro,101208,15,86026.8,167,0.71,14366475.6,3.79,0.65,1156494,Offline,Pune,No
2024,STU2024069,Cyber Security,137454,5,130581.3,168,0.7,21937658.400000002,3.98,0.84,1001678,Hybrid,Delhi,No
2024,STU2024070,Business Analytics,375907,15,319520.95,116,0.87,37064430.2,4.62,0.71,404539,Offline,Hyderabad,No
2024,STU2024071,Data Science Pro,332865,5,316221.75,27,0.73,8537987.25,4.44,0.85,1341068,Hybrid,Hyderabad,No
2024,STU2024072,UI/UX Design,317835,5,301943.25,187,0.94,56463387.75,4.13,0.66,1062494,Offline,Delhi,No
2024,STU2024073,UI/UX Design,147720,0,147720.0,147,0.75,21714840.0,3.96,0.74,1475408,Offline,Bangalore,Yes
2024,STU2024074,Digital Marketing,104924,5,99677.8,191,0.93,19038459.8,3.74,0.95,1379107,Online,Delhi,No
2024,STU2024075,Data Science Pro,298158,0,298158.0,94,0.68,28026852.0,4.01,0.82,1172516,Offline,Pune,Yes
2024,STU2024076,FinTech Professional,218853,10,196967.7,62,0.78,12211997.4,4.91,0.57,891411,Hybrid,Pune,Yes
2024,STU2024077,Cyber Security,255068,20,204054.4,112,0.67,22854092.8,3.75,0.5,1493406,Hybrid,Hyderabad,No
2024,STU2024078,Data Science Pro,224022,20,179217.6,121,0.86,21685329.6,4.1,0.72,1327099,Hybrid,Hyderabad,Yes
2024,STU2024079,FinTech Professional,355465,20,284372.0,82,0.9,23318504.0,4.11,0.78,610752,Hybrid,Delhi,No
2024,STU2024080,Full Stack Developer,332949,15,283006.65,173,0.66,48960150.45,3.51,0.89,1032717,Offline,Mumbai,No
2024,STU2024081,Digital Marketing,169944,0,169944.0,127,0.7,21582888.0,3.79,0.57,875945,Online,Mumbai,Yes
2024,STU2024082,Full Stack Developer,117814,10,106032.6,59,0.64,6255923.4,3.63,0.68,1146579,Offline,Hyderabad,Yes
2024,STU2024083,UI/UX Design,363872,20,291097.6,76,0.67,22123417.599999998,4.69,0.62,1212403,Offline,Bangalore,No
2024,STU2024084,Data Science Pro,262182,15,222854.7,27,0.75,6017076.9,4.12,0.91,1033412,Online,Hyderabad,Yes
2024,STU2024085,UI/UX Design,302032,0,302032.0,176,0.62,53157632.0,4.33,0.71,1314158,Hybrid,Bangalore,No
2024,STU2024086,Product Management,333844,20,267075.2,84,0.74,22434316.8,4.34,0.89,910861,Offline,Bangalore,No
2024,STU2024087,Cyber Security,276321,20,221056.8,188,0.87,41558678.4,4.82,0.81,1173162,Offline,Bangalore,Yes
2024,STU2024088,Investment Banking,216112,20,172889.6,61,0.61,10546265.6,4.25,0.54,533902,Offline,Hyderabad,Yes
2024,STU2024089,Data Science Pro,129334,15,109933.9,162,0.76,17809291.8,4.11,0.82,1284511,Offline,Mumbai,Yes
2024,STU2024090,Business Analytics,229278,0,229278.0,137,0.74,31411086.0,3.55,0.72,708424,Online,Pune,Yes
2024,STU2024091,Digital Marketing,287758,20,230206.4,49,0.7,11280113.6,3.59,0.8,558680,Online,Bangalore,No
2024,STU2024092,AI & Machine Learning,121694,5,115609.3,183,0.85,21156501.900000002,3.76,0.9,1120981,Online,Delhi,Yes
2024,STU2024093,Cyber Security,169027,15,143672.95,126,0.83,18102791.700000003,4.84,0.58,1339209,Hybrid,Delhi,Yes
2024,STU2024094,Cyber Security,202886,0,202886.0,54,0.88,10955844.0,3.7,0.9,673016,Offline,Bangalore,Yes
2024,STU2024095,Cyber Security,393070,0,393070.0,83,0.91,32624810.0,4.9,0.8,769006,Hybrid,Mumbai,Yes
2024,STU2024096,Business Analytics,338059,10,304253.1,134,0.81,40769915.4,4.19,0.88,1253410,Online,Hyderabad,Yes
2024,STU2024097,Product Management,222461,20,177968.8,190,0.77,33814072.0,3.53,0.57,932532,Online,Hyderabad,No
2024,STU2024098,Digital Marketing,312606,10,281345.4,159,0.62,44733918.6,4.43,0.56,1112182,Offline,Hyderabad,No
2024,STU2024099,Business Analytics,395464,20,316371.2,172,0.75,54415846.4,3.61,0.74,971139,Hybrid,Delhi,Yes
